{"properties":{"connectionReferences":{"shared_sharepointonline_1":{"runtimeSource":"invoker","connection":{"connectionReferenceLogicalName":"ya_sharedsharepointonline_a1c85"},"api":{"name":"shared_sharepointonline"}}},"definition":{"$schema":"https://schema.management.azure.com/providers/Microsoft.Logic/schemas/2016-06-01/workflowdefinition.json#","contentVersion":"1.0.0.0","parameters":{"$connections":{"defaultValue":{},"type":"Object"},"$authentication":{"defaultValue":{},"type":"SecureObject"}},"triggers":{"manual":{"metadata":{"operationMetadataId":"df64516c-3363-47c7-8f5d-715c752e499e"},"type":"Request","kind":"PowerAppV2","inputs":{"schema":{"type":"object","properties":{"text":{"title":"SiteUrl","type":"string","x-ms-dynamically-added":true,"description":"サイトURLを指定してください","x-ms-content-hint":"TEXT"},"text_1":{"title":"ListName","type":"string","x-ms-dynamically-added":true,"description":"リスト名を指定してください","x-ms-content-hint":"TEXT"},"text_2":{"title":"ItemID","type":"string","x-ms-dynamically-added":true,"description":"IDを指定してください","x-ms-content-hint":"TEXT"}},"required":["text","text_1","text_2"]}}}},"actions":{"SharePoint_に_HTTP_要求を送信します":{"runAfter":{},"metadata":{"operationMetadataId":"ed5e2d6b-92e5-4525-8eee-d35f7604a2fb"},"type":"OpenApiConnection","inputs":{"host":{"connectionName":"shared_sharepointonline_1","operationId":"HttpRequest","apiId":"/providers/Microsoft.PowerApps/apis/shared_sharepointonline"},"parameters":{"dataset":"@triggerBody()['text']","parameters/method":"GET","parameters/uri":"_api/web/lists/GetByTitle('@{triggerBody()['text_1']}')/items(@{triggerBody()['text_2']})"},"authentication":"@parameters('$authentication')"}},"JSON_の解析":{"runAfter":{"SharePoint_に_HTTP_要求を送信します":["Succeeded"]},"metadata":{"operationMetadataId":"218d554f-dbfc-4c1d-acbf-aa96284b4f14"},"type":"ParseJson","inputs":{"content":"@body('SharePoint_に_HTTP_要求を送信します')","schema":{"type":"object","properties":{"d":{"type":"object","properties":{"__metadata":{"type":"object","properties":{"id":{"type":"string"},"uri":{"type":"string"},"etag":{"type":"string"},"type":{"type":"string"}}},"FirstUniqueAncestorSecurableObject":{"type":"object","properties":{"__deferred":{"type":"object","properties":{"uri":{"type":"string"}}}}},"RoleAssignments":{"type":"object","properties":{"__deferred":{"type":"object","properties":{"uri":{"type":"string"}}}}},"AttachmentFiles":{"type":"object","properties":{"__deferred":{"type":"object","properties":{"uri":{"type":"string"}}}}},"ContentType":{"type":"object","properties":{"__deferred":{"type":"object","properties":{"uri":{"type":"string"}}}}},"GetDlpPolicyTip":{"type":"object","properties":{"__deferred":{"type":"object","properties":{"uri":{"type":"string"}}}}},"FieldValuesAsHtml":{"type":"object","properties":{"__deferred":{"type":"object","properties":{"uri":{"type":"string"}}}}},"FieldValuesAsText":{"type":"object","properties":{"__deferred":{"type":"object","properties":{"uri":{"type":"string"}}}}},"FieldValuesForEdit":{"type":"object","properties":{"__deferred":{"type":"object","properties":{"uri":{"type":"string"}}}}},"File":{"type":"object","properties":{"__deferred":{"type":"object","properties":{"uri":{"type":"string"}}}}},"Folder":{"type":"object","properties":{"__deferred":{"type":"object","properties":{"uri":{"type":"string"}}}}},"LikedByInformation":{"type":"object","properties":{"__deferred":{"type":"object","properties":{"uri":{"type":"string"}}}}},"ParentList":{"type":"object","properties":{"__deferred":{"type":"object","properties":{"uri":{"type":"string"}}}}},"Properties":{"type":"object","properties":{"__deferred":{"type":"object","properties":{"uri":{"type":"string"}}}}},"Versions":{"type":"object","properties":{"__deferred":{"type":"object","properties":{"uri":{"type":"string"}}}}},"FileSystemObjectType":{"type":"integer"},"Id":{"type":"integer"},"ServerRedirectedEmbedUri":{},"ServerRedirectedEmbedUrl":{"type":"string"},"Title":{"type":"string"},"MySingleLineOfText":{"type":"string"},"MyMuntipleLinesOfText":{"type":"string"},"MyLocation":{"type":"string"},"MyNumber":{"type":"number"},"MyYesNo":{"type":"boolean"},"MyPersonId":{"type":"integer"},"MyPersonStringId":{"type":"string"},"MyPersonsId":{"type":"object","properties":{"__metadata":{"type":"object","properties":{"type":{"type":"string"}}},"results":{"type":"array","items":{"type":"integer"}}}},"MyPersonsStringId":{"type":"object","properties":{"__metadata":{"type":"object","properties":{"type":{"type":"string"}}},"results":{"type":"array","items":{"type":"string"}}}},"MyGroupId":{"type":"integer"},"MyGroupStringId":{"type":"string"},"MyGroupsId":{"type":"object","properties":{"__metadata":{"type":"object","properties":{"type":{"type":"string"}}},"results":{"type":"array","items":{"type":"integer"}}}},"MyGroupsStringId":{"type":"object","properties":{"__metadata":{"type":"object","properties":{"type":{"type":"string"}}},"results":{"type":"array","items":{"type":"string"}}}},"MyDate":{"type":"string"},"MyDateAndTime":{"type":"string"},"MyChoice":{"type":"string"},"MyChoices":{"type":"object","properties":{"__metadata":{"type":"object","properties":{"type":{"type":"string"}}},"results":{"type":"array","items":{"type":"string"}}}},"MyHyperlink":{"type":"object","properties":{"__metadata":{"type":"object","properties":{"type":{"type":"string"}}},"Description":{"type":"string"},"Url":{"type":"string"}}},"MyCurrency":{"type":"number"},"MyImage":{"type":"string"},"MyLookupId":{"type":"integer"},"MyLookupsId":{"type":"object","properties":{"__metadata":{"type":"object","properties":{"type":{"type":"string"}}},"results":{"type":"array","items":{"type":"integer"}}}},"ID":{"type":"integer"},"ContentTypeId":{"type":"string"},"Modified":{"type":"string"},"Created":{"type":"string"},"AuthorId":{"type":"integer"},"EditorId":{"type":"integer"},"OData__UIVersionString":{"type":"string"},"Attachments":{"type":"boolean"},"GUID":{"type":"string"},"ComplianceAssetId":{},"CountryOrRegion":{"type":"string"},"State":{"type":"string"},"City":{},"PostalCode":{},"Street":{},"GeoLoc":{},"DispName":{}}}}}}},"PowerApp_または_Flow_に応答する":{"runAfter":{"変数を初期化する":["Succeeded"]},"metadata":{"operationMetadataId":"0a2ee2a9-7753-4153-b90e-558e0f6071c2"},"type":"Response","kind":"PowerApp","inputs":{"statusCode":200,"body":{"imageurl":"@variables('ImageURL')"},"schema":{"type":"object","properties":{"imageurl":{"title":"ImageURL","x-ms-dynamically-added":true,"type":"string"}}}}},"JSON_の解析_2":{"runAfter":{"JSON_の解析":["Succeeded"]},"metadata":{"operationMetadataId":"e7c47203-298d-4924-b01c-15029edb33b9"},"type":"ParseJson","inputs":{"content":"@replace(body('JSON_の解析')?['d']?['MyImage'], '\\\"', '\"')","schema":{"type":"object","properties":{"fileName":{"type":"string"},"serverRelativeUrl":{"type":"string"},"id":{"type":"string"},"serverUrl":{"type":"string"},"thumbnailRenderer":{"type":"object","properties":{"spItemUrl":{"type":"string"},"fileVersion":{"type":"integer"},"sponsorToken":{"type":"string"}}},"type":{"type":"string"},"fieldName":{"type":"string"},"fieldId":{"type":"string"}}}}},"変数を初期化する":{"runAfter":{"JSON_の解析_2":["Succeeded"]},"metadata":{"operationMetadataId":"f971f90b-29ff-414c-9fcd-9c79226a7a03"},"type":"InitializeVariable","inputs":{"variables":[{"name":"ImageURL","type":"string","value":"@{body('JSON_の解析_2')?['serverUrl']}@{body('JSON_の解析_2')?['serverRelativeUrl']}"}]}}}}},"schemaVersion":"1.0.0.0"}