{"schemaVersion":"1.0","appDefinitionTemplate":{"id":"/providers/Microsoft.PowerApps/apps/","type":"Microsoft.PowerApps/apps","tags":{"primaryDeviceWidth":"1366","primaryDeviceHeight":"768","sienaVersion":"20220304T133627Z-3.22021.27.0","deviceCapabilities":"","supportsPortrait":"true","supportsLandscape":"true","primaryFormFactor":"Tablet","publisherVersion":"3.22021.27","minimumRequiredApiVersion":"2.2.0","hasComponent":"false","hasUnlockedComponent":"false","isUnifiedRootApp":"false"},"properties":{"appVersion":"2022-03-04T13:36:27Z","lifeCycleId":"Published","createdByClientVersion":{"major":3,"minor":22021,"build":27,"revision":0,"majorRevision":0,"minorRevision":0},"minClientVersion":{"major":3,"minor":22021,"build":27,"revision":0,"majorRevision":0,"minorRevision":0},"backgroundColor":"RGBA(0,176,240,1)","backgroundImageUri":"/10125024442050892106/N359940e2-7488-4b8c-967d-d0537baa690c-logoSmallFile","displayName":"Toku","description":"","commitMessage":"","appUris":{"documentUri":{"value":"/10125024442050892106/N708bae2f-adb6-4a15-b643-81bca486c091-document.msapp"},"imageUris":[]},"createdTime":"0001-01-01T00:00:00Z","lastModifiedTime":"0001-01-01T00:00:00Z","sharedGroupsCount":0,"sharedUsersCount":0,"icons":{"smallIconUri":"/10125024442050892106/Nc7e895e5-cd6a-47df-a8e3-c5944b509a53-small.png","mediumIconUri":"/10125024442050892106/N5728299d-e70e-40f0-80fc-ba860af7238e-medium.png","largeIconUri":"/10125024442050892106/N18586ce9-79ec-48b5-9a19-fdbcdd678872-large.png","wideIconUri":"/10125024442050892106/N5020d377-727b-4fa0-838b-e008a9f4a04b-wide.png"},"connectionReferences":{"a0cd4523-6c45-43ec-8b5e-4420db17945f":{"id":"5187316c-73f0-414a-8fac-9537c9e026da","displayName":"SharePoint","iconUri":"https://connectoricons-prod.azureedge.net/releases/v1.0.1554/1.0.1554.2707/sharepointonline/icon.png","dataSources":["Tokujo","Tokusa"],"dependencies":[],"dependents":["6601236e-c2ad-4c8d-9061-63bfa088318e"],"parameterHints":{},"parameterHintsV2":{},"isOnPremiseConnection":false,"bypassConsent":false,"dataSets":{"https://yappf.sharepoint.com/sites/ColumnsTestTeam":{"dataSources":{"Tokujo":{"tableName":"e9bd8694-a8d3-47db-aa91-90174a6e5252"},"Tokusa":{"tableName":"40fcf27e-e324-45e1-9d50-a6d2c9cd82b5"}}}},"apiTier":"Standard","isCustomApiConnection":false,"actions":["providers/PowerPlatform.Governance/Operations/Read"]},"6601236e-c2ad-4c8d-9061-63bfa088318e":{"id":"cf91b317-39ae-40cd-9054-49d7582a31d1","displayName":"ロジック フロー","iconUri":"https://connectoricons-prod.azureedge.net/releases/v1.0.1534/1.0.1534.2605/logicflows/icon.png","dataSources":["GetMyImage"],"dependencies":["a0cd4523-6c45-43ec-8b5e-4420db17945f"],"dependents":[],"parameterHints":{"workflowName":{"value":"fc45000b-028b-4cb5-9701-cf3d2beeb3ca"},"workflowEntityId":{"value":"14f485bc-b59b-ec11-b400-0022486239d0"},"a0cd4523-6c45-43ec-8b5e-4420db17945f":{"value":"shared_sharepointonline"}},"parameterHintsV2":{"workflowName":{"value":"fc45000b-028b-4cb5-9701-cf3d2beeb3ca"},"workflowEntityId":{"value":"14f485bc-b59b-ec11-b400-0022486239d0"},"shared_sharepointonline":{"value":"a0cd4523-6c45-43ec-8b5e-4420db17945f"}},"isOnPremiseConnection":false,"bypassConsent":false,"dataSets":{},"apiTier":"Standard","isCustomApiConnection":false,"actions":["Run"]},"4ee6dcd0-84d8-477c-aa95-5bf77a47b2f1":{"id":"f7d82149-27e8-4e9c-8dee-48cfd6705a5f","displayName":"Office 365 ユーザー","iconUri":"https://connectoricons-prod.azureedge.net/releases/v1.0.1551/1.0.1551.2693/office365users/icon.png","dataSources":["Office365ユーザー"],"dependencies":[],"dependents":[],"parameterHints":{},"parameterHintsV2":{},"isOnPremiseConnection":false,"bypassConsent":false,"dataSets":{},"apiTier":"Standard","isCustomApiConnection":false,"actions":["SearchUserV2","MyProfileV2","UserPhotoV2"]},"f11e6100-1972-415f-b704-7e6af9f48e2c":{"id":"a6035f8b-4df7-4e94-a369-021f81271cbd","displayName":"Office 365 グループ","iconUri":"https://connectoricons-prod.azureedge.net/releases/v1.0.1538/1.0.1538.2619/office365groups/icon.png","dataSources":["Office365グループ"],"dependencies":[],"dependents":[],"parameterHints":{},"parameterHintsV2":{},"isOnPremiseConnection":false,"bypassConsent":false,"dataSets":{},"apiTier":"Standard","isCustomApiConnection":false,"actions":["ListOwnedGroups"]}},"databaseReferences":{},"almMode":"Solution","performanceOptimizationEnabled":true,"canConsumeAppPass":true,"executionRestrictions":{"isTeamsOnly":false,"dataLossPreventionEvaluationResult":{"status":"Compliant","lastEvaluationDate":"2022-03-03T10:19:06.5239007Z","violations":[],"violationsByPolicy":[],"violationErrorMessage":"このアプリでは、次のコネクタが使用されます: shared_sharepointonline。"}}},"appType":"ClassicCanvasApp","appComponents":[]}}